tweet,label
"@infidelpamelaLC I'm going to blame the black man, since they always blame ""whitey"" I'm an equal opportunity hater.",1
I hate fat bitches,1
RT @Isa__Lopez: @D_Lo520 but you're still a faggot,1
"@kcSnowWhite7 @SamSaunders42 don't forget nappy headed, butt ugly bitch, who's married to a Muslim",1
"RT @JihadistJoe: We Muslims have no military honour whatsoever, we are sub human savages that slaughter unarmed men, women &amp; children http:&#8230;",1
@L1LTR4P fucking losers wetbacks #SorryNotSorry,1
@Hovaa_ ya I know all the slang I'm racist I h8 porch monkies,1
RT @iBeZo: Stupid fucking nigger LeBron. You flopping stupid jungle bunny monkey faggot.,1
"@clinchmtn316 @sixonesixband AMERICA today, the rule of thumb is: when in doubt, blame ""whitey""",1
My advice of the day: If your a tranny.....go fuck your self! http://t.co/W5G2zhZkU6,1
"bitch kill yoself, go on to the bathroom and eat the pills bitch, all of em",1
"From now on, I will call all radical MUSLIMS niggers!
It is very fitting, and it is racist! 
I AM RACIST AGAINST ANYONE WHO HATES AMERICA!",1
"GEEZ..... I think #NorthKorea may be right. #BarackObama is a monkey! Surely acts like one. 
 http://t.co/y09Waoe4EM&#8221;",1
RT @DefendWallSt: Tell me how you really feel. RT @1SleepingGiant: those little #ISIS faggots usually have bags over their heads anyway.,1
RT @SwaaggyyV: Fucking chinks in Clash of Clans always fuck me up. Bitch ass kamikaze faggots.,1
RT @22duces20: Happy birthday to my little ass cousin who doesn't remember who I am @1NOnlyDirtyMike hope it's a good one fag !,1
"RT @DaTbOySmOkEyy: Shawty said you not gone understand america unless you went to a PWI school, crackers already brainwashed her smh lol",1
RT @Jawdan__: You're a faggot if you ever had the Kim Possible BBM notification,1
RT @TerryisBetter: What faggot complained about stretch marks?!? My nigga them shits taste like the swirls on cinnamon toast crunch http://&#8230;,1
@Flow935 jus wanted to let y&#225;ll know hope the hurricane kills your soca sunday trash #LORDWILLIN,1
@Hovaa_ ok wat ever u say whitey. u prolly never even seen shaft.,1
"@KuntaKayne I have never seen such ignorant, illiterate pieces of shit in my life. Bring in Natl Guard &amp; disperse this trash. @bassem_masri",1
@Taylor_1017 faggot,1
@Zwaaad fag,1
@atspace your 2. And 3. Nigga them hoes suck wayans brothers are not funny at all Jamie foxx should be number 2,1
@davidly62793584 how many fuckin fags did a even get? Shouldnt be allowed into my wallet whilst under the influence haha,1
Can't take u coons nowhere &amp; I mean nowhere,1
Chris Bosh bout to disgrace the trophy like a real faggot smh,1
Don't mind black people.....hate niggers!,1
"Fuck that niggah he so weak, he cant tell that you a freak",1
My eyes feel so chink eyed,1
"RT @ASAP_Ford: I hate when a nigga ask me ""Where the hoes?"" .... Nigga idfk !",1
RT @EarlyLegend: I don't fuck with these hoes &amp; I don't fuck with niggas that's fuckin these hoes,1
"RT @SUCKEDOFF: 3 MOST COMMON WHITE PEOPLE ACTIVITIES:

1. Wearing Tapout

2. Shooting up schools

3. Calling you a nigger on Xbox",1
"RT!
COMMENCE CARPET BOMBING! All #Iraq soldiers in this video http://t.co/7oLD2eDB1R executed by Jihadis from #Tunis http://t.co/02E1cEOE3z&#8221;",1
She got every niggah lookin like dam,1
"&#8220;@concretesledge_: Gwyneth Paltrow you ugly ass big bird looking bitch, shut the fuck up.&#8221; &lt;&lt;That's pretty much IN YOUR FACE!
Bravo!",1
"@jthomas309 @DestroTheNoble @nekolin &lt;&lt;&lt; Getting his ass pounded &amp; loving it! 
I'm done with this GAY whiney bitch. NEXT......",1
Dam this niggah trippin off ecstasy,1
Dumb bitch,1
I can't believe this nigga told me to put nutella on a bitch before you eat her out #wildnigga,1
"I love faggots!!! Absolutely love them, especially the ones that can dress to the tea &#128525;&#128525;&#128129;",1
I'm so mother fucken sexy. I have no time to be a retard.,1
NBA ALLSTAR weekend is an unofficial negro holiday,1
RT @michellemalkin: Mass. GOP Gov.-elect Charlie Baker: No driver's licenses for illegal aliens ==&gt; http://t.co/3vkLYmJWjS #NoAmnesty,1
@DarkLiquaNigga_ nigga grow some balls and concentrate pussy!!,1
I hate a ol fat disgusting Walmart working ass bitch.....,1
The movie #abouttime a hard ass chick flick. This nigga goes back in time if he but too quick n fucks the bitch over n over lol,1
"""@RTNBA: Drakes new shoes that will be released by Nike/Jordan.... Yes, there's glitter on the shoes http://t.co/QCtPLxHEXM"" ....dudes a fag",1
Apaches' 30 MM rounds turn Jihadis into tomato soup @MarkRothschild1 @Rockprincess818 @NoFear3136 @Lanna70115,1
"Getting hit off a cunt thats about 6 foot sideways and a cunt that was in the army lol, i dini care, yous are fuckin laughable",1
RT @DestroTheNoble: I don't support that ya idiot. And if I'm a teabagger you're being teabagged. #OpenWide @nekolin @1SleepingGiant,1
RT @realist_iLLest: Mine too &#128513;&#128588;&#128076; RT &#8220;@187XO_: This ma niggah @trigga_tre123 &#128076;&#8221;,1
Uncle Tom Hypocrite! http://t.co/cyc9MAdJpQ,1
"When it rains it's good ""go to the mall weather"" all the coons be at home",1
&#8220;@AlexaDelsanter: This is awkward u fag @corleyhuff @vitchhhh http://t.co/HUDOhA6YQe&#8221; wonder who's awesome tank that is &#128522;,1
@__hannerr__ you're a faggot,1
Curse AVI for Coke because he's a fag and hasn't put it on yet http://t.co/jHQPwop4wk,1
Dani Alves pulled off that hairstyle. Neymar just looks like a faggot,1
"No half-breed spic has any right to say anything to any Anglo ever, and should be killed for doing so.",1
"Only fags say ""swag"" shits mad retarded.",1
RT @WaavyLee: His balls ashy RT @Yattabing: @Trelaire1st: Real women do this http://t.co/VG5DBqH8aT&#8221; and real faggots let em do that.. Smh,1
"""@CB_Baby24: @white_thunduh alsarabsss"" hes a beaner smh you can tell hes a mexican",1
"""@DevilGrimz: @VigxRArts you're fucking gay, blacklisted hoe"" Holding out for #TehGodClan anyway http://t.co/xUCcwoetmn",1
"""@MarkRoundtreeJr: LMFAOOOO I HATE BLACK PEOPLE https://t.co/RNvD2nLCDR"" This is why there's black people and niggers",1
"""Hey go look at that video of the man that found the kidnapped girls in Ohio........what a nigger"" - #shitmybosssays",1
"""Our people"". Now is the time for the Aryan race 2 stand up and say ""no more"". Before the mongerls turn the world into a ghetto slum. 1488",1
"""We hate niggers, we hate faggots and we hate spics""-kkk rally",1
"""Why people think gay marriage is okay is beyond me. Sorry I don't want my future son seeing 2 fags walking down the street holding hands an",1
#California is full of white trash,1
#Dutch people who live outside of #NewYorkCity are all white trash.,1
#Minnesota is full of white trash,1
#SouthCarolina is full of white trash,1
"#VinitaHegwood can get a job at the naacp. Or as The AG. I hear they like ""diversity and tolerance"". As long as you ain't a cracker #tcot",1
#firefighter is a job for white trash,1
"&#8220;@Maxwell_Larsen: When you live this gay, you can't be afraid of two black dicks in your butt"" you fucking queer",1
"&#8220;@NoChillPaz: White kids favorite activities
1. Calling people ""niggers"" on Xbox
2.fucking their pet
3. Shooting up their school&#8221;",1
"&#8220;@iamkrause: No need to thank me, killing niggers is it's own reward.&#8221; 

Dis my pal from our graduation when we was 26",1
"&#8220;@rocafella123 ""@waymoflydenu: If fleek in yo vocabulary you a faggot""&#8221;",1
&#8220;@waymoflydenu Why yall think its ok to be faggots?&#8221; and want us to be cool with them,1
...aaaaaaaaand it begins. RT @RileydaKafka: Fucking niggers that's all Kentucky is and ever will be,1
"...you're white, aren't you? *rolls eyes* RT @DidntDoNuffin: @DreaaaLove RIP to my NIGGA Trayvon, a worthless spear chucker",1
"4 old hoes, a ponk, and a dyke outchea having ""girl talk""",1
"8/16/14 MO @GovJayNixon let &#8220;kill some crackers, kill their babies"" New Black Panthers hijack his #Ferguson presser http://t.co/z2Wko9Ripz",1
@2014samanthaKay good enough fag,1
@AmericanWhiteHM I hate that nigger.,1
"@AmericanWhiteHM Those niggers disgust me. They should have dealt with 100 years ago, we wouldn't be having these problems now.",1
@AndrewJBurns1 @Tommy_Russell_ homo ass crackers,1
@Anony386 @TurnToLive @Tweenki_ they are wrong you are a nigger always causung mischief among ur own people,1
"@AnthonyCumia 
You be totally correct Anthony. Can&#8217;t be livin round dem colored folk. Day be bringin down da hood and dem propery value",1
"@AntonioFrench The ""You&#8217;re going 2have 2 KILL crackers &amp; their babies&#8221; New Black Panthers #CredibilityShot #FergusonRiot #Justice4MikeBrown",1
@BillionaireCrow @Neelahrelates your what's wrong with the white race you fuckin coon slaying piece of poop please die alone,1
@BraxCity29 @maria_obregon_g @sophia_freeman1 3/4 of a citizen. I said it for you maria you spic,1
@Brenddan_ they said some bullshit. Damn niggers,1
@Buckm00se @letsargueboxing sand nigger ran over some Kidd,1
@Buckm00se I don't like the sand nigger but it's entertaining like 6 knockdowns,1
"@CHARLESBARRKLEY hey Sir house nigger, uncle tom aren't you from grand ole Mississippi, I rest my case!",1
@Campos_uli is a fag #hesgay,1
@ChaleCarlo5 fuck outta here and go put some more trash ass ink on your faggot ass self pussy,1
@ChaleCarlo5 stay talking defending your fuckboy ass boyfriend or what? go suck him off while youre at it faggot,1
"@Cheesus85 @greyyygoose faaaaggggottttt, speaking with the blonde hair and confused, you're a hypocrite, cuz you're a faggot",1
@Christian_ESEM you don't know what your talking about retarded faggot,1
"@DaRealAlexInLA @Woody_AFC @Rodriguez5_ the nig is fun to watch got to admit, ebola boy can speak broken Spanish too lol",1
"@DefendWallSt Whatever! Fuck all those assholes. They're niggers, they all look alike to me.",1
@EleyCome_EleyGo @caykelly16 movies don't matter as long as you do coon shit with coons you're a nigga!,1
@FrankieJGrande fugly queer white trash,1
@FreddyAmazin ratchet looking nigger,1
@FreeAJay you understand you look like a real life dyke right? Like you look like a WNBA dyke bro. A sports bra &amp; bball shorts wearing dyke,1
@GossipCop Julie tell them crybaby blacks to get someone blk. and dress them up white faced......niggers always whining!,1
@HeauxmerSimpson I'm jus tryna vaca away from the niggers bro.,1
@Hovaa_ shut up lizard faggot nigger cunt,1
@HuffingtonPost if the faggots can have a page y cant they?faggots offend me more than them,1
@Huntermoore happy cuz I woke up white and not a nigger!,1
@IDisDummies Can you speak one coherent sentence without sounding like a nig? Seriously.,1
@ImToBlame you a fatherless wallet carrying ass video game playing ass negro breh. You filth. No way you can afford to date a #TwitterHoney.,1
"@JPantsdotcom @Todd__Kincannon @the__realtony I'm partial, faggot..homo...both fairly describes the same sick twisted Assholes out there.",1
@JacobbBacker you don't know shit about me faggot bitch,1
@JadeGreenleaf fag,1
@JoeDouglas1 sit down and stfu raghead @Darknight420 @hajihuntingpat,1
@Joey_D26 sweet comeback u fuckin herb I dnt watch soccer but id still wax your bitch ass in it go swallow the red soxs kids ur from NYC fag,1
@KLSouth @Miss_Didi23 is an evil hate whitey racist who thinks Delbert Belton deserved it. @MaryForbes14 @EnemiesofDonnaJ @StephAnnAnson,1
@Legionary1488 @JomavaesJos now we have a Ebloa case in Texas. If we kill all the niggers we might be safe.,1
@Levi_Page I don't bend that way queer. Thanks for the offer it's flattering.,1
@LexVan13 go back to nigeria faggot,1
@MakeAnothaHov T.o. was a faggot crybaby,1
@MarkHalperin @WSJopinion @BarackObama Anything to trash this black President!!,1
@MattHomeTeam - you know what you did you faggot. There are literally thousands of people that have you on their radar homo,1
@Maxwell_Larsen your a cunt,1
@MenachemDreyfus @NatlFascist88 @waspnse Shit your ass and shabbat your moms pussy u Jew bastard. Ur times coming. Heil Hitler!,1
@MrMooncricket @FuckTheMallcops @AtBlackface @UncleUnco @BobbyBotsods @RacistNegro69 y'all is coons n uncle toms,1
@NatlFascist88 @waspnse Jews and white race traitors have to be swept clean so the Aryan race can survive.,1
@OfficialSkai dont tell me what to do. fuck balls kike nigger cunt tits cocksucker chink spic piss bitch bastard pussy faggot.,1
@OfficialSkaiS kill yourself ugly ass monkey looking shit,1
"@PatDollard Fuckin muzzie cunts, should all be deported, savages",1
"@ProperEtacet fuck your mother, faggot",1
@Prophzilla I don't hate that he blew up from 3005 like a hipster but I hate the faggots who say they love his music based off his worst +,1
@Qui_ThePharaoh @zApollo0803 @MildlyDarkSkin hes a lying faggot. he used inspect element to change the number of dollars in his account.,1
@RSBerto Dumb Haitian fake black faggots. Go to Haiti and neck yourself.,1
"@RileyCooper_14 so your a ""nigger"" fighter huh",1
@SMASEY you're such a faggot,1
@Sammytbh whats your youtube channel then faggot,1
"@SchulzGrayson @Dswizzle3 oh woulda coulda shoulda ass niggas bitch ass nigga, what u bout oh ban wagging ass nigga catch your phase",1
"@SoftestMuffin @_tee13 @TorahBlaze Best believe We aint no christian slave brainwash black spooks miss white man, unlike yoself, she devil",1
"@StanleyStinks Shame of you! Self-hating kike. 
We Jews are G-d's chosen people.",1
@StephyRae7 faggot.,1
@SteveStockmanTX hes just a friggin idiot that can say anything and his redneck teabagger constituants buy it. They love stupid people,1
@THERACISTDOCTOR One less little nigger that would grow up into a big nigger.,1
"@TheKushZombie Aww y u so mad tho, a successful man LMFAO, hut hugging as faggot.",1
@WhosJuly 1) He's a faggot and I don't like him. 2) I'm on the other side of the state.,1
"@_Andrizzy_ aw drake is, do you sit in the corner and cry when you listen to him? lmfao, pussy dick rider, how drakes cock taste faggot.",1
@_C_Parris69_ your picture makes you look like a serious fag. #justsayin lol,1
@_elennamichelle nope not at all but I'm stuck in a house full of fucking niggers help me escape &#128553;,1
@asshole_king pats owner is a kike.,1
@asshole_king with pills that nig will last 4 years. Like magic j .That nig should hav died years ago. Y'all the first team to draft gay.,1
@austin_farrar your a fucking queer faggot bitch,1
@caykelly16 @MadisonEarhart u guys are fags.,1
@denytheprophecy thanks for ignoring my texts fag,1
"@dolphrudager You don't have any kids?! What are you, one of them queers!?",1
"@drew4130 @mailgal2000
Y'all hire colored folk? Only work half da day and throw da mail in da sewer if we ain't done",1
@elchavaloko who cares tbh ones a shitty dirty Argentino &amp; the other is a feather fisted nigger,1
@fucktyler fuck you spear chucker,1
"@gellebeaux_ whatever hoe bitch #1 them ""fags"" beat yall sad asses too",1
@gezus__ @MANIAC3X @bam00se @Woody_AFC mean bro fucking faggot,1
@heyrmbr probs that fag Vhia,1
@heyyayled do i have to repeat myself u white trash,1
@jimachterfeld @joeo670 @dan_bernsein Bernstine is Chi Sox Jew fag.,1
@jumpmastere8 @dmcgowen1776 @visitorvisiting its retarded,1
@kieffer_jason lmao why ur dad raised u to be a bitch made nigga,1
@kieffer_jason oh am I lame but yo pussy ass didn't show up the fuck u talking bout oh scary ass white boy,1
@kitten_nugget69 stfu dyke looking hoe.,1
@maliktender gayer then 2 faggots in bed together&#128129;,1
@marylene58 @sunflower1790 @shelliecorreia @Jan4USA no just a niggress that thinks she's human.,1
"@matt_chu22 @RyanRiehle I'll do that, if you agree to take your Ethiopian starvin looking nigger ass back to Africa. #BuyFoodLittleGuy",1
"@miranda_mills okay, let's fight you ginger faggot",1
@mlvassallo Oh really? fags are gross You aids infected sick fuckers,1
@onIinebaby I knew you were a faggot though,1
@pombuenaa I'm surprised you could read it with slits for eyes,1
@rickygervais BORING&amp;HACK allah and mohamed are also against fags.PLEASE mention them as well.did God take away your balls as punishment?,1
"@sweetakin Only rich white liberals know what's best for black people. If they don't see that, they're obviously Uncle Toms.",1
@tori_mills02 I believe that you fuckin can punk nigga bitch&#128520;&#128170;,1
@triple6em96 @Hunglikerobby_ bitch you watch your fucking mouth you dirty whore. I swear to god that's a thin line,1
@truuueee_ that bitch done.. have it to u on Sunday my nigga,1
@urbasicyabish @Mikeaveli fucking faggot,1
@wclemons @thejoelberggren @anthonycumia you little fag. At least I will fuck a Woman to have kids. Plus work to support them. Hipster homo,1
@whiteangelss84 y dont u end us monkeys then? U hate us because were better than crackers &amp; I love it. Deep down u know weve done nothin 2 u,1
@whoswilly white boy talmbout Ight I'll see you tomorrow at school nigger,1
@xZimpx @Prophzilla This is Twitter. Not only are you a fag but you're also retarded.,1
"A guy claiming to be Republican called C-Span news and said ""Republicans hate that nigger Obama"" https://t.co/XZe0u7guZM",1
"Aint nobody wearing those new Westbrook ""Jordan's"" but Mexicans &amp; trailer park trash white girls.",1
All you muzzy lovers need to do one thing. Tell muzzies in the mideast to leave Israel alone. Don't start no shit won't be no shit. #Israel,1
Anyone who came to the US as an indentured servant is white trash.,1
Black bitches don't be kickin up in our school. Bitches still comin wit durags still on they head nd shit.,1
Black cops want to kill white citizens. Spic cops want to kill Anglo citizens. Zigeuner cops are all rapists.,1
Black people like @ChiefKeef disgust me laughing at someone who died dumb monkey ass niggas like you need to be locked up just for stupidity,1
Can't stand that faggot.,1
Ceasefire?Let's see how long those towel heads can go without trying to attack Israel then cry to national media when they get popped again,1
"Celtic means white trash. If someone says they're Celtic, it means they're white trash.",1
"Chill RT @PhillyTheBoss If I ever become president Imma ban Henny from America..... For a Day, just to see you negroes panic. ""gotcha bitch""",1
EDA!! The 2 queers at AA! lol @Vbomb20 @GDuenez http://t.co/GzzrZjvVlV,1
ESPN keep hiring these dyke bitches and gay Spanish niggas to talk sports,1
Elizabeth is a.stupid hoe.,1
Every gook in #LosAngeles should be deported or killed.,1
Every slant in #LosAngeles should be deported. Those scum have no right to be here. Chinatown should be bulldozed.,1
Every spic cop should be killed. Those pigs only got their job to 'get even' but white people never did anything to them.,1
"Fat ass inbred rednecks like Paula Deen are breed that are going extinct. I mean look at that woman, I would hate to be her scale.",1
Fuck you fuck you you stupid cheating bitch go lick a dick and die ur a stupid nigger bitch,1
Fuck you ghetto ass coons,1
"Fucking faggots @DMVFollowers aren't from or live in DC, Maryland or VA",1
Fucking hate my coon ahh uncle,1
Hey my folk. This nigger loving Jew boy @Deuterostomes asked if I was making death threats against his goat fucking people. Fuck him.,1
Hitler didn't finish it. Can u. If a nigger ur Jew confronts u in the street what then.,1
I do da flow in a temple today fo nuttin. And dat Jew wit the funky hair tell me I subhuman. He tell me I ain't no mo human den a monkey,1
I hate dumb bitches,1
I hate the ghetto trash at the special school across the street from my building. All of them will grow up to be criminals.,1
I hate the white trash cops who raped and murdered my infant daughters and son.,1
I know righttt RT @dta_87: I hate fat loud bitches,1
I never had any friends the entire time I lived in #Virginia. No one was cool to me. I hope those white trash Southerners all die.,1
I really just want to kill some towel head terrorists already &#128530; can high school be over now please?,1
"I would like to apologize to anyone I have called fat, stupid, gay, nigger, jew or retarded. I am truly sorry.... 

JK 

Just trolling

Fags",1
I'm just upset they got faggots on this show,1
"I'm not weird, you're just a faggot",1
I'm so sick of u niggers...,1
"If a spic ever talks to a white person and the white person kills them, it's self defense.",1
"If some one isn't an Anglo-Saxon Protestant, they have no right to be alive in the US. None at all, they are foreign filth.",1
If someone is part of 'James X' then he's a white trash cultist.,1
"If you kill all cops and cracker babies, what next?????? Black states, white states, and Latino states? Isn't that moving backwards?",1
Iont see how some of you niggas fags!!,1
Johnny Rebel - If I could be a nigger for a day: http://t.co/JPKdkpbjxh,1
"Just to get u mad go on your search bar on here and search up ""stupid niggers"" &amp; hop on somebodys head then mention me lol @stonethegreat23",1
Kanye west is a faggot,1
Lmao RT @Handsomeesco_55 If u live wit ya girl and u do dishes u a faggot,1
Lol you're a cunt liar and I hope you drop dead k :-),1
"Look at this coon ass nigga here..... Standing on a damn toilet, looking around for his manhood...&#8230; http://t.co/3WyPsnRLu3",1
"Look at this little faggot.
""@Kellz622: Tell her she's beautiful as much as you can. It'll make her smile""",1
Members of non-traditional religions are all sub-human trash.,1
My neighbors be sick when i wake um up to all this nigger music ctfu,1
Only Americans would hire white trash with ties to international terrorism as police officers.,1
Only retards retweet fuckry,1
Only white trash would call slants and hindis and moslems their equals.,1
Pennsylvania is white trash and is so are all Pennsylvanians.,1
People on this site are fucking retarded sometimes,1
"People who enjoy shows like @SouthPark and @FamilyGuyonFOX are douche bags. Usually white trash, too.",1
"Playing to white guilt lasted one last time, whitey felt 'absolved', it ends today. It ends in the fields/suburbs of Pennsylvania.",1
"RT @AnthonyBialy: Well, Maryland is just a bunch of hateful rednecks, anyway.",1
RT @Asshole_God: Hate fags? The answer's yes.,1
RT @BroganWebber: Beyonc&#233; is trash.,1
RT @Comp10Tx: Lowkey called that faggot a faggot.,1
RT @DessantiGina: @TonyJRodriguez @WolfVanHalen so tony I think yr a rude little cunt and too too young to even know what real rock and rol&#8230;,1
"RT @FaZeDedo: To the rejects who constantly call my house and are threatening to rape my mom, karma's a bitch. Rot in hell, faggots.",1
RT @FemsHaveBallz: You can no longer run a business n America unless it's deemed acceptable by 1 political group of retards known as democr&#8230;,1
RT @Fucking_Garza: I wanna sleep but I'm outside with this nigger lol trying to hang him,1
RT @FunnyPicsDepot: pussy ass nigga http://t.co/lXONrmTQTK,1
RT @HeidiL_RN: Fuck Islam you pigfucking trash troll. @ItsJustMe7o7 @MzKeriEvans @ctbauza,1
RT @InfidelAlie: Yay for America &amp; Israel... we put in more Jew Hating muslim trash into our government! pathetic &amp; sickening,1
RT @IsaidNick: niggers are so ignorant http://t.co/P9jDdVsRVb,1
RT @Italian_Montana: &#8220;@arosati96: The bromance between pat and ant is real&#8221; fuck that faggot,1
RT @LANURSE1: Here is a #MichaelBrown supporter. She says whites are just evil albino black babies. Seriously? #tcot @KLSouth http://t.co/P&#8230;,1
RT @LiamGeraldShone: @vernon1488 @AranNicolWHUFC @DSaend get fucked you racist inbred hillbilly fuck,1
RT @Lil_A47: @Vonteeeeee typical coon activity,1
RT @LuieSanches: PROUDLY a racist. u dumb nigger,1
RT @MelechT: Apartheid. &#8220;@No_Cut_Card: pedestrian check = show me your freedom papers you darkies.&#8221;,1
RT @NYTMinusContext: kill whitey,1
RT @Opatz1: Fuck michelle obama. That monkey doesnt belong in the white house,1
RT @PeterpandaCat: @savanigga Sav is a fag,1
RT @PluggedInPiff: Green azz niggas!!!! &amp; yall new bitches condone dat sucka activity dat why they keep doin it!!!,1
"RT @RollingWithTrin: ""1, 2, 3, 4, how many niggers are in my store? I knowwww you're stealing!"" &#128514;&#128514;&#128514;",1
"RT @Seymor_Buccs: Man, most of you coons couldn't jus up in quit yo job, if you found out ya boss racist, so shut tha fucc up. Niggas love &#8230;",1
RT @Tae_Rhodes: &#8220;@kim92493: &#8220;@Tae_Rhodes: @kim92493 @patpatbush uhhh you've been judged&#8221; it happens. #whitepower...I'll hang you nigger&#8221; wo&#8230;,1
"RT @Theprinceofnj: &#8220;@SMCo71: "" if you aint bout that Murder Game pussy nigga shut up ""&#8221;252 GANG &#128514;&#128514;&#128514;&#128514;&#128514;",1
RT @TopBlokeBill: Are you Justin Beiber? Because your a Fucken gay cunt @Arii_nV http://t.co/pgHISyDEyB,1
"RT @TorahBlaze: @1SonofYahweh they should be ashamed of themselves. I'll be single for life before I fuck w a nasty, faggot ass white man.",1
RT @VaTxn: Illegal alien is not a race. It's a crime. @MuchoMacho @McDonalds @jeandeaux1776 @cspanwj #wetbacks http://t.co/pf2YpelyOP,1
RT @_tiffnasty: Why do y'all niggas entertain that Nicole bitch? I don't see how y'all can ever take a bitch that posted naked pics serious&#8230;,1
RT @cigarsNscotch: What's black and yellow and not going to win this year? WRONG! The answer is Tiger Woods.,1
RT @harmon_lauren: Jenna's a faggot,1
RT @iDntWearCondoms: Stop stalkin your girl social media u bitch ass nigga,1
RT @ivanrabago_: @staycoolwheels @Studhardt22 Joshua is a faggot. Just suspend him on those grounds,1
"RT @lightskin_chink: This vine still funny as shit to me &#128557;&#128557;&#128514;""How many niggers are in my store""? https://t.co/t7rUJTKEi1",1
RT @nick_pertile: Oh my goodness do I hate Chinese people. Fucking zipperheads,1
RT @salmeron_bryan: You're not the father ! What every Mexican/nigger loves to hear.,1
"RT @sblmnl_crmnl: @woods_lamar shut your nigger ass, lamar",1
RT @sheemteam97: Fuck the Islamic State!! We will kill those cunts&#127468;&#127463;,1
RT @sorryimalex: I got called a faggot for buying girl toms so now I'm gonna fuck that person in the ass,1
"RT @twerkn4boba: "" fuck you say bitch? I will kill you "" http://t.co/3EiGzh6Q13",1
"RT @useemitch: 1, 2, 3, 4... how many niggers are in my store, I knooooooow your stealing! &#128514;&#128514;&#128514;",1
"RT @wisdom_spewed: No, you stupid redneck, ""Animal Husbandry"" does NOT mean you can get hitched to your blue tick hound, Misty.",1
"Seattle Mayoral Election this year. A choice between a bunch of women, non-whites, and faggots/fag lovers.
http://t.co/rwhgMRLaZX",1
Seem like da colored folk be gettin in da way lately. I just sayin,1
Shoot that nigga an his shorty bitch .,1
"Somebody please choke that fucking retard that keeps yelling ""mashed potatoes"". What a tool! #PGAChampionship",1
Spics are half breed trash. No filthy native should be allowed to speak to any European.,1
Stu a rape faced faggot man I'm sick of this nigga,1
"Subtweet me one more time, you dirty chink whore",1
That shade of faggot clashes with your eye color.,1
The blacks in #California are typical niggers.,1
This white bitch had the fuckin nerve to call me a nigga&#128078; when shes the one payin for her lips to get bigga&#128514;&#128564;,1
Ugly fucking nigger baby. Thought it was a gorilla at first.14/88 http://t.co/Bq3G01rxKN,1
What a fag,1
"What be the peckin order?
1 white Christian
2 colored
3 Porto Ricans 
4 Arab 
5 Jews 

I donts know. I be axin",1
White bus drivers are all white trash. #LosAngeles,1
White trash okies don't count as real white people. To count as a white person you have to count a person. Okies aren't people.,1
Whoever had Mr. Ramlogan for UWI business law tho? Racist mudda cunt,1
Why do so many filthy wetback half-breed spic savages live in #LosAngeles? None of them have any right at all to be here.,1
Worlds biggest faggot lol,1
You a lame ass nigga still cuffin these hoes my bitch got a bitch with er,1
You are a jiggaboo...!,1
You have my word we will RT @JRwrz: @Thotcho beat those fucking faggots pls,1
You're a faggot if you use the cover your face emoji,1
Your pathetic plan failed. Enjoy my phone you fucking monkey. Let me see your ass at Benton park. You wanna talk shit I'll carve your face.,1
coons,1
faggot http://t.co/tkPokv3ncd,1
faggots http://t.co/DMKbGhai1z,1
fat dykes make me want to vomit,1
"fuck ray rice ,someone crack that bitch",1
gay ass fags http://t.co/eqn4gvW42V,1
hope gezus gets shot in his faggot head #houston #nbombs,1
https://t.co/jtLZErgxI0 Leo get the fuck off of vine you fag,1
in real life and online I follow that. sorry folks but just cause I look like a border hopper don't mean I am one. born and raised here,1
inb4 you unfunny nigger kill yourself,1
oh well. he's a fag anyways.,1
the receptionist im always forced to talk to is such a racist cunt. i called her for an error and she said she'll call me. 40 mins. nothing.,1
they're working on a bill to prevent retards from voting. who knew retards COULD vote? things are starting to make sense now.,1
you're all niggers,1
"@CarelessOne92 I'm not Hollywood at all my nig, u brought me to twitter n bounced",1
A bitch like you need to get fucked right every night,1
Don't trust these hoes,1
Fuck these hoes im gone &#9996;&#65039;,1
He got a cousin named jason that rock da Gary Payton....now da same triflin' bitches an HIV patient,1
Hit me with plans mah nigs,1
Niggas talk more than bitches these days,1
Nikko a gay bitch,1
"RT @AIanHangover: Be smart because you won't be pretty forever, bitch.",1
RT @LeBronVuitton: Bain wasn't no hoe ass nigga at all,1
RT @Liveitupjersey: @ccass357 @1SleepingGiant trash him for name calling? Read your Shit to me Bitch! That's all you got!!!!,1
RT @cashflowHO: I'm too pretty for this &#128526;&#128129;&#128133; . Yall lil bitches can have the petty shit &#128080;&#128169;&#128128; .,1
&#8220;@Adrianmayer99: Fucking pussy&#8221; @JosephNoonan2,1
"&#8220;@Benkasso: I'll beat the pussy up, that's a hook right thur&#8221; &#128064;",1
"&#8220;@TinnyTimm: &#9994;&#128558; u r gey af. But you're my boy I'm glad I'm close with you. You dumb bitch&#8221; how guys say ""I love you"" &#128527;",1
"@JimmyMcIver @jerrilyn71 @Doc_68W_ Just like ""FAT CHICKS NEED LOVE TOO"" I guess. 
Some Jeffrey Dommer Type would be all over that sloppy ho.",1
@LowworldsFinest @1stblock_thomas man y'all niggas chill man I'm High af tho . Y'all niggas ain't even tell me who the hoe is &#128564;&#9995;,1
@TryHardSilva thisty hoe,1
"@_DCorNothing_ @KyariesDa4 he should! I got tired of hearing how he can eat pussy 10,000 ways like damn &#128514;&#128514;",1
"ALL HE NEEDS IS A SKIRT!!!
Sure looks like a bitch to me.
 http://t.co/89HH52pCUe&#8221;",1
Bobby bitch,1
"Fat hoes on Twitter calling themselves Barbies, bitch you ain't no damn Barbie you a damn care bear.",1
I dont fuck wit hoes or broke bitches,1
If you ask me every bitch gay,1
Im only cocky to hoes hmmm i wonder why prolyy cuz i dont fuck wit yall,1
"Once you hate someone, everything they do is offensive. ""Look at this bitch eating those crackers like she own the damn place!""",1
RT @1stblock_thomas: @1stBlocJeremiah @LowworldsFinest Nah boa That nigga Wayne run his mouth like a hoe &amp; my girl ain't No hoe so Chill wi&#8230;,1
RT @ChicoTheWolf: #DavidPullsBitches &#8220;@davidam_23: #TweetSomethingYouGetAlot Go talk to all your other hoes&#8221;,1
RT @DJZeeti: This nigga tried to hate on me to a bitch and she told this cornball im that nigga http://t.co/CJfz9DaUYL,1
RT @Dasianah_: The most ghetto bitches be pregnant a/f smh poor kids! &#128531;,1
RT @FuckYouIsaac_: Maury 70 years old still exposing hoes,1
"RT @RIPvuhsace: Porn, the only place where a bitch gon be under the table sucking a niggas dick while he eating dinner with his parents.",1
RT @TAXSTONE: Y'all bitches sending inviatations to the wolves than get mad when they at ya door,1
RT @Tylar____: @1stBlocJeremiah lol man bitch shut the fuck upppppp,1
RT @UNApologetic4: &#128514;RT @Poochda63: X___X RT @COCAINEMOUTH: Only Twitter niggas care bout hairy pussy. Them 5 niggas I fucked today ain't gi&#8230;,1
"RT @WElGHTROOM: Rows for the hoes

Curls for the girls

Planks for the skanks 

Deep cuts for the sluts

Quads for the broads

No pecs No s&#8230;",1
RT @_ayeeexo: Fxck outta here hoe &#9996;,1
Some hoes that tweet just make me mad lol,1
Why the wifey type girls single and the hoes being cuffed though?,1
"i seen a nigga dressed to impress, hop out da bus n a bitch wit a phatty, get off at his stop too. Say somethin...GOD THROWIN U DA LOB",1
&#8220;@Hermosa_Jayy: Can I bring anotha bitch or nah &#128527;&#8221;,1
&#8220;@RileyyBryn: &#8220;@devon_sheaa: I just want panda express&#8221; panera**&#8221; big booty hoe*** &#128514;&#128514;&#128514;&#128514;,1
"&#8220;@WEEEDITH: All I want is bitches, big boooty bitches&#8221;",1
&#8220;@najmaaa_ali: Lool I agree RT&#8220;@stopitfive_: the most fucked up show I ever watched was misfits&#8221;&#8221; wen Simone wifed that hoe was the saddest,1
"@CDNBallJunkie Spurs bitch that's the team, you dont want no problems",1
@KazAtta he jus need to go to brazil get himself a bad brazilian bitch and jus relax,1
@Mijo_LGI you're such a bitch,1
@Rasheed_Sheen man damn dude come get this bitch lml,1
"@Tee_Bizzle i aint shit, you aint shit...bitch we meant for eachother",1
@Tee_Bizzle shut up bitch,1
@vampirrrra viva Brazil niggah lol,1
A hoe gone be a hoe they ain't &#128175;,1
"Amennn!!!!! ""@WomenLoveBrickz: If your girlfriend doesn't like that bitch, you don't talk to that bitch""",1
"As a girlfriend, you gotta accept the fact hoes gone be all up in his face. But as a boyfriend, he better let them hoes know wassup.",1
"Bad bitch, chest out......no wonder why Miss Righteous keeps on getting left out",1
Dirty pop on the counter bitch dirty in it,1
Doing her thang for you shoutout that real bitch,1
Dont fuck wit broke bitches,1
"Excuse me, here's your nose. I found it in my business hoe.",1
Free Ballout lil bitch &#128520;&#128299;,1
Gang gang bitch&#128165;&#128299;,1
I did everything except trust these hoes,1
I need me a real loyal ass bitch &#128525;&#128553;&#128530;&#128548;&#128175;,1
"I'm rich bitch 
*said in Dave Chappell voice*",1
Naked bitches give me bubble baths,1
"One big school, full of fake bitches.",1
Pull up on my ex make that bitch mad,1
"RT @BeauutifulNae: - don't trust no , bitch",1
RT @BootyGangCult: Some of you bitches aren&#8217;t built to wear certain shit. http://t.co/IjTJvYY2VY,1
RT @DJZeeti: i couldnt host 106 and park .. i'd fuck too many young bitches,1
RT @DedePayton: On the low RT @mzlola_bunny: They're really looking for the next bitch to smash,1
RT @HerMoufPiece: Hairy pussy bitch you the type that got herps,1
RT @HilariousSelfie: how ugly bitches take selfies &#128557; http://t.co/SNt2iOmhGr,1
RT @Iethaldose: Feelings are a bitch to fucking control...,1
RT @JoeBudden: Women all over America are overstating the value of pussy.,1
RT @LeezyTheWarrior: Can't be letting them messy hoes mess with yo business...,1
RT @RakwonOGOD: Lmaoo bitch what? http://t.co/2dhLgXcVg2,1
"RT @Tiny2YouHoes: but naawww though, y'all hoes is fu don't fucking play w/me.",1
RT @TryHardTee: @davidam_23 get downstairs and play me im fifa bitch,1
RT @Tylar____: Man this hoe Heaven stay taking all day,1
RT @_DalvinA: &#8220;@Can_iGet_8: I can't stand no messy hoe&#8221;1&#8419;0&#8419;0&#8419;0&#8419; true story,1
"RT @_blvcksxul: When u see a bitch that don&#8217;t like u, look at u&#8230; http://t.co/vAO8ovq4XM",1
"RT @_onnaa_: ""@1stBlocJeremiah: Gotta watch these hoes &#128064;"" I Swear &#128079;",1
RT @basedamERICan: This burger 3 days old but I eat 19 yr old pussy so I should be fine right ? http://t.co/iHVxyab2vN,1
RT @chvmpagne: Bitches that dress like this pussy taste like hot dog water and bad grades. http://t.co/wrfv9Ld6eo,1
"RT @declothed: this dogs like 
""Go on, tell em I ate your bitch ass homework. they ain't never gunna believe your dumb ass"" http://t.co/wLN&#8230;",1
"RT @drphilDONTEhue: Don't curve the man today, in whom you may need to eat your pussy tomorrow",1
RT @gaaybriel: I love pussy &#128523;&#128069;&#128166;&#128166;&#128049;,1
RT @titaaaR15: Dumb bitch,1
RT @tupactopus: bad bitches get in free night at weenie hut jrs,1
RT @vinnycrack: this bitch got the itunes terms and conditions tattooed on her http://t.co/dHRVCNRR1H,1
RT @xNikiaaa_: @1stBlocJeremiah damn where you on house arrest at ? &amp; yup in tht bitch like &#128080;&#128131;&#128527;,1
RT @xPoppinWheelies: Lol the thirst be so real on dis bitch &#128514;,1
Ray Rice is a bitch &amp; his wife is stupid for staying by his side.,1
Shoutout that real bitch,1
So if a girl gets drunk and does some hoe shit...it's rape now???,1
These bitches irri.. irri irri..irri irri,1
This one for dem hipster bitches that shop at value village,1
Walk in the party boot up yo hoe,1
Warriors ain't winning shit if Curry keep playin like a bitch,1
"Wow my cuzin dont like lil snupe, this niggah trippin",1
Y'all hoes so ugh,1
"all these beautiful bitches, sucha beautiful thing",1
errybody in dis bitch getting tips (whispers) errybody in dis bitch getting tipsy,1
man kills mother of 2 after she reveals she's hiv positive after having sex...that bitch deserved it,1
this bitch,1
My slap a bitch sense is coming &#128530;,1
@Alan_Casillas lol bitches from riverside to LA ahah,1
RT @BNaStY00037: Could you please refrain from being a dumb bitch,1
RT @PaulIzzo2: @HomSec @LyndaG1963 Honey pot Harf is the state dept version of pussy Paltrow,1
RT @lavishlolaaaaaa: Bitches be out here eating pussy more than niggas &#58385;&#58407;,1
"Run it up first , these hoes come later&#9996;&#65039;",1
@MotherOfBraylon you already know they go to fed for me ah bitch be ready to walk out the door &#128514;&#128514;&#9996;&#65039;,1
Ain't fuckin wit nomore hoes got who I want &#128586;&#128564;&#128524;&#128143;&#128145;&#128175;,1
"Got a new bitch and she got ass, lookin at my ex like yeah i know you mad",1
I need a bitch,1
"RT @AIanHangover: If I've ever offended you, im sorry..

.

.

.

.

.

.

.

.

.

.

that you're a sensitive lil bitch.",1
RT @AmberrrNicollle: Do loyal bad bitches exist? Because I want one,1
"RT @DvpeDreams: If her pussy got over 10 body counts, It's dead&#128128;. Pussies&#128049; only have 9 lives &#128514;",1
RT @chelseypaige42: Bitches be begging for love &amp; loyalty when they've never giving it to anyone. Karma bitch&#128520;,1
RT @mattchew81: My ex told me once she wanted me to get her a gift that would take her breath away so I got that bitch a treadmill,1
"Shine on them hoes, let em know you run shit !",1
This bitch is nasty,1
When I was in HS we had a dance team and then we had the steppers them hoes was ghetto as shit but they kept the pep rally hyped,1
#HOLIDAYSEASONLIVE @ShyGlizzy @plies Shy Glizzy Feat Plies - FREE THA GANG: http://t.co/pYGOSk0qCP,0
@1usagrunt. I wonder what Charlie Brown would have to say about these days.,0
Early bird gets the worm.... #GoGetIt,0
RT @IAMMISSRAMIREZ: Charlie Sheen is the man lol http://t.co/FCfSbvAphh,0
RT @PapaRockk_: My mom paid $5 to hold this monkey &amp; look what he did &#128553;&#128514; http://t.co/t5ZkMd8Xeh,0
#WeAreRepublicNotRegime #POTUS BO violated USA sovereignty w/open border/Jihadis/criminal/diseased/Haitians/S.Americans #ImpeachObama,0
"@nytimes seems if they dont come up with it, its trash, nobody outside hollywood knows what ppl will pay to see..ha! Guess those in hw dont",0
@theejustinholt the redskins are doing pretty good this year &#128514;&#128514;,0
Got my vans on.. My pockets chunky,0
"RT @bitterarab: Now that Halloween is fast approaching please understand this. We are a culture, not a costume to mock and ridicule! http:/&#8230;",0
"RT @MindOnSuccess_: My mother be on some trash man &#128514; I ask her EVERYDAY, you need/ want some money? She say ""Naw I'm good!"" But come payday&#8230;",0
Selling ex lax brownies in front of Meijer to pregnant women. #GoodDeed,0
pretty girls wit bird brains....what a waste smh,0
@McKinseey the grass is greener on the other side of the fence of course it's also a soggy septic field,0
RT @Krislisisms: Hot 97 trash.,0
"Can't wait till I get my full appetite back. Only ate a half ghetto sandwich. No lettuce, no nothing.",0
I'd rather follow some girls on Instagram rather than have their bird brain tweets on my tl,0
RT @hoes: Emma Watson #TheOscars2014 &#128515;&#128515; http://t.co/INeOGli7G9,0
"""@MotherJones: 10 birds your grandkids may never see, thanks to climate change http://t.co/XqmXHkAsWt http://t.co/RbITeGRnhm"" #Climate",0
#BlessJesus The #Crown of HIS head to the sole of HIS feet,0
#BlessJesusAir Matthew 6:26 Look at the birds of the air.. and yet your heavenly Father feeds them.Are you not much more valuable than they?,0
"#Glory Isaiah Mom asked me if I wanted a brownie I said, no thanks 
She said what are fasting,",0
"#HolySpirit Joshua 1:3 Every place that the sole of your foot shall tread upon, that have I given unto you, as I said unto Moses.",0
#NowPlaying : BT feat. Tori Amos - Blue Skies (radio edit) on #1069TheArrow - http://t.co/R5wuXA9jB6,0
#NowPlaying : Ian Hunter - Once Bitten Twice Shy on #1069TheArrow - http://t.co/R5wuXA9jB6,0
@1Corinthians126 #HolySpirit God still share HIS #Secrets Amos 3:7 blessings #Jesus,0
@DannyMndz93 @Titan21Mtzzz he's still a pogue though,0
@EntMagazine @magisto @digitalskeptic we have a project that could lead into a military program but requires a full op mock up for testing,0
@Hovaa_ your pet zebra. stripey?,0
@JLlVE looks prime for some trash pick up,0
"@JamieWinn4 that's ""energy"" the City is ""Electric"" gotta go to Yankees Stadium, When they are winning. It is truly ""electrifying""",0
"@LandRoverUSA Our ""Disco"" we used for disaster recovery was an awesome brownie points to how well built they are. Most extreme conditions!",0
"@Liveitupjersey BWAHAAAA I just choked on an Oreo cookie!
I'M figuring, this may have something to do with it! http://t.co/62S7BgMYPX",0
@Mdnate interested. Just wanted to see a better pic of the soles,0
@Swanny_9 where are the birds at? Wasn't it Port where birds were all over?,0
@TMZ @britneyspears mickey mouse ears hat....and tail for that matter.,0
@TheIronPony You rebel. Next you'll be ripping mattress tags off. It's a slippery slope.,0
@TreshaRenee I didn't make to any games last season. Just looked it up. Astros open up with the Yankees 1st of April,0
"@antiamnesty @AppSame @WhiteHouse 
I agree 100%. No naturalized citizenship, no anchor baby amnesty. All go to parents country of origin.",0
@dreadywhiteboy @JwanUrebay then the kid he sold it to brought it back to him cooked in a brownie,0
"@lloyd7121 @jjauthor @petermickley 
Approximately 1/2 in one crash. There wasn't supposed to be that many members of a seal team on one bird",0
@panchoftf red and yellow it should be then,0
@peteyhoti that funky monkey,0
@syd_renae okay cool then I'm not the only one &#128520; mine is black and fuzzy and it has PINK on the back in all sparkles &#128081; hallelujah,0
@yfly23 mock draft?,0
Almost half of North American bird species threatened by climate change http://t.co/dWSYB5BodA http://t.co/F0PVuLNf4c #Climate #Environment,0
"At this rate, I'd cheer for the awful New York Yankees over the St. Louis Cardinals.",0
Bout to make some brownies in a few.,0
Browns and redskins shouldn't be considered nfl teams,0
"Can someone please explain to me, Why are the birds so angry &amp; destroying pigs' homes?",0
Craving brownies &#128553;&#128553;,0
Do you know where I grew up Skippy? @mouzone_brother @psherm07 @EchoesErrant @gigg423 @jstines3,0
Don&#8217;t believe AP&#8217;s ho-hum tone: latest poll is great news for Republicans - Hot Air http://t.co/5HHrFlFP13,0
Dooms.. RT @Gutta_DaDon: White nubuck or leather for the upper of the foam makes them a pass to me. White soles too. http://t.co/QIVkEPtLKj,0
Eating brownies and then going to the gym... Idk,0
"Female Jihadis, European &amp; American: GRAVE Dangers! - Joe For America http://t.co/9hkpdwq7VR via @mattwalshblog",0
"Foley Abduction Linked to British Jihadi Kidnapping Ring http://t.co/X6SIP3woXb via @joshrogin, @elilake",0
"Former TOWIE star Charlie King comes out http://t.co/yU3XKXbCyt @YouTube

Inspiring. Congrats @CharlieKing85 and welcome to the family :)",0
GM....don't be the bird that didn't get the worm today #GoStampsGo84,0
Glad I ain't got no bird legs &#128514;,0
Golden Oreos are the best,0
Happy birthday to my pops. Old negro spiritual is 64 today lol,0
He may be the President but that doesn't necessarily mean he's in the sole position of power in regard to making such decisions.,0
Homemade Soup is very good with vegetables on the side with crackers http://t.co/LiRwGwkdzE,0
I got my eyes on this red bone,0
"I liked a @YouTube video http://t.co/QGNHiLdTTv The Sock Fairy, a short film",0
I really want a girl to make me some brownies &#128553;&#128557;,0
"I'm 81 and I still eat animal crackers

 #EMABiggestFans1D",0
I'm the biggest redskins dam right now if they get this stop,0
Ima trash @ForeverMEM85 in fantasy,0
Long yellow.,0
"Mata'i ngeli, alu o polosi ho nifo..",0
Meatloaf cream potatoes deer steak and gravy pinto beans and cornbread pear cobbler n bread pudding @ FHC,0
My favorite DC restaurant is Charlie Palmers. @Sweet_Me_Lissa @sassylibrarian1 @taotao_salupa @tingtingbabyyyy,0
My mama made me some brownies they was everything &#128553;,0
Nope! It's just yellow OTL,0
RT @AustinToEllen: Praying today's m&amp;g pictures don't come out yellow &#128591;,0
RT @BeardedBearsMan: @007BearDownJedi The AFL now has an American draft system #BearBrother! Couple of Yanks are on the playing lists at so&#8230;,0
"RT @Bidenshairplugs: I can't believe the cops shot this fine young man. There goes the cure for cancer...

#FergusonOctober http://t.co/Leb&#8230;",0
"RT @BleacherReport: VIDEO: &#8220;Don&#8217;t hurt yourself!&#8221; @kobebryant hits a jumper over a rookie, proceeds to talk trash http://t.co/m8l0nvAim2 ht&#8230;",0
RT @BriannDominguez: Green and yellow -lil Wayne &#128155;&#128154;&#128175;&#128175;&#128175;&#128175;,0
RT @BrosConfessions: Charlie Sheen is a legend #ForTheBros http://t.co/nbYjumIkQA,0
"RT @ESPNNFL: For the 1st time in the Tom Brady era, the Patriots are in sole possession of last place in the AFC East http://t.co/zMkwGNzOCT",0
"RT @Forbes: 52% of the world's mammals, birds, reptiles, amphibians &amp; fish vanished between 1970 &amp; 2010: http://t.co/MImizth0OZ http://t.co&#8230;",0
RT @Harry_Styles: A bird pooped on me.,0
RT @Harry_Styles: It was all yellow. http://t.co/xB4dkWuoKi,0
"RT @HowardRoper: If you don't like my tweets with my belief in Jesus Christ, please respect it, but don't mock it or make negative remarks&#8230;",0
"RT @JewJitsuGrl: @AdmiralAckbar3 @00_jackie @Darknight420 @allahthefairy &#128073; @TayyibN &#128072;
Tiny Jihadi http://t.co/PDIKbrvCJ8",0
RT @LJSpagnoli: Isis and Jihadi Terrorists 'Post 90 Tweets Every Minute' to Spread Propaganda http://t.co/eRJMveF996,0
RT @Manstagram_: When I make the paper ball into the trash can http://t.co/m90W9N1zbT,0
RT @Pointdexter: Charlie Sheen gets it http://t.co/DKk6YjTJfU,0
"RT @ReginaPucket: http://t.co/6nqmor8ybC BREAKING DAWN/ I often think about what used to be and was
With rose-colored glasses and a gentle &#8230;",0
"RT @SSNAlerts: Rick Scott takes 49% of vote, Charlie Crist takes 46%. Scott wins second term: http://t.co/MmkyGCYVG1 #sayfie #FlaPol http:/&#8230;",0
RT @TedNugent: Gun control talks with gunrunning Eric Holder on board. We r the planet of the apes,0
RT @TheMattEspinosa: She literally just put the whole trash bag on lmfao http://t.co/YiERskYrfc,0
RT @VinceSports: Best #CollegeGameday sign ever! The Dak-ness is spreading! Charlie Murphy's True Hollywood Stories. #ChappelleShow http://&#8230;,0
RT @bjs5555: ELECT Democratic Nominee Amos Powers @Powers2014 2 #Congress #TN6 DEFEAT TEA Diane Black #Red2Blue #TNTweeters #CIR http://t.c&#8230;,0
"RT @collegefession: ""My first adult decision i made in college was to buy a guinea pig #NoRagrets #AlsoNoBeerMoney"" - University if Iowa",0
RT @hildismom: MT @jjauthor: US ghettos-driven by liberal ideology; http://t.co/6ONYrmggND #RedMeat,0
"RT @pop_ruth: I'm a little teapot short and Irish 
@onedirection artist of the year #AMAs
#EMABiggestFans1D http://t.co/9O1zfvlezV",0
"RT @renz360: Got 5 20% off slots for sole sauce for the early birds today 

Use &#8220;SAVE20&#8221; at checkout 
 
http://t.co/x5bq5vzpPK",0
RT @renz360: Got receipt ink on your soles? no problem. http://t.co/xYA7aLDUhU,0
"RT @sky106radio: For lots of great oldies, check out ""Memories and More"", with Yankee Rose, today from 1:00 PM to 4:00 PM Eastern! http://t&#8230;",0
"RT @sweetromance: @1visionamd @Redeemed1952 @AZWS Once again, birds of a feather....",0
RT @syd_renae: @2014Alyssa I have a pink fuzzy one &amp; a silky silver one. Bathrobes are a wonderful thing &#128129;&#128526;&#128525;,0
"Rewrite, tinker with it's official language regarding same-sex relationships, divorce, remarriage, etc. But nothing is set in stone at all.",0
She's just mad cuz her big toe looks like an angry bird! Haha,0
Smuggled letter by Gaza tunnel digger details suffering under Hamas rule http://t.co/jusiee1yhK via @TheMuslimIssue,0
Some are oval and some are pink some are blue and some are just yellow,0
The jigg is up,0
This car has two registration tags. Both yellow. One for 2014 &amp; one for 2005. Wth http://t.co/mdeD4a2soY,0
Time 2 kill 2 birds with 1 stone. Work out while I renew my food handlers card online. Push play for this dumb class,0
Use to trap them birds now I'm fly like a birdddd,0
"Want to go get this brownie, I'm stuck doe.",0
Zack still questions my love for Oreos lol,0
"cousin: why is there a bird on your screen
me: it's twitter
cousin: i poke you
me: that's facebook",0
such a sucker for some Oreos,0
RT @Elisaa_Martinez: Happy birthday cotton picker lol @1NOnlyDirtyMike,0
"RT @davidjones720: ""Obama is out on the golf course still looking for his balls."" -Charlie Daniels",0
iMessage so trash,0
if u eat fried eggs and leave the yolk entirely yellow ur a disgrace and also nasty,0
&#128557;&#128557;&#128557;&#128530; RT @KingHov1313: At work imma real Uncle Tom!&#128584;,0
@IamSaintBryan they call me yellow bone,0
"@iowahawkblog I also recommend 6pack of shiner Bock and 12 hours of brisket duty at ""the pit"" feeding oak coals &#128521;",0
@youngscooter ghetto gold needa be the first music vid!,0
Doug Martin trash,0
I see ya big Boi in the Oreo V's,0
Islamic Jihadis run away to Pakistan @PureMonotheist @BemetOr8 #UniteBlue,0
"Maybe @barackobama is colored blind with his 'red lines' and all. Tough talk, no walk. #tcot",0
Obama's Hellfire missiles tend to vaporize Jihadis @BemetOr8 @PureMonotheist #UniteBlue,0
"RT @ArcticFox2016: 150 Christians MASSACRED By Jihadi Muslims While They Slept! Including Pastor, His Wife &amp; Kids http://t.co/VnR60MjFo6",0
Shylock &amp; Wongs: 3 Incidents of Democrat Bigotry In 3 Weeks - Media Mum http://t.co/iX03VrK0KI via @BreitbartNews,0
now time to find the monkey term scripts!,0
"""Bae"" sounds like such a ghetto word. Use something else",0
#stateoftheunion would last 15mins if they let the President talk all that standing up clapping is for the birds,0
&#8220;@notflappybird: Tag a friend that sucks at flappy bird&#8221; @me,0
@ArcticFox2016 everybody mocks Obama .Hes an embarrassment to the USA.,0
@Fru_Iam I seen sum of it but I'm tryin see lox n mook,0
@HAUNTINGILINSKY @sorryimalex Bc @taylorcaniff is trash why would he lie about that? I told you he's real,0
@Hovaa_ what about yellow spots?,0
@I_GotOne you look like flappy bird,0
@MinuteManX1776 @TheyKnowNotWhat &lt;&lt; closet muzzie @MayberryJustin @AllForCountry @LilMissPrepper @ritzy_jewels @glinsan1,0
@MurdaaaMike @yfly23 wow I can put slit trophies against u in those,0
@Notsosweetpea SOO when we hanging out and makin brownies!!,0
@fennecuskitsune you've got no sole,0
@tayscalf must have run out of brownies,0
And it's gotta be some ghetto fool :/,0
Bruh... @theofficialeg10 soo trash....,0
Damn Charlie Wilson is still around?,0
"Daniel, there's no cow tipping and hoe downs in Jackson... This city living lol",0
EXPOSED: Jihadi kidnap and murder handbook... and plan to infiltrate British Army and police http://t.co/gkP1vG6Pnw via @wordpressdotcom,0
Get this monkey off my back...,0
"Hello American people, my name is Eric Cantor and I am a lying piece of bird poo http://t.co/qJyuw4ox0O",0
I don't blame Crash for not sharing with you @geoffsheen760 you'll probably talk trash about it like you do food trucks #GeoffHatesPuppies,0
RT @CP24: Reports say female victim was shot while waiting for an Oreo McFlurry,0
"RT @DabGodBaby: But only BBC, the American version is trash",0
"RT @ImNeverChillin: When yo phone go off in class &amp; the teacher say ""turn that trash off"" but it's one of the songs on yo mixtape http://t.&#8230;",0
RT @NFLTalkRT: RT if your team is trash,0
"RT @WORIDSTARHlPHOP: When your phone goes off in class and the teacher says ""turn that trash off"" but its a song from your mixtape https://&#8230;",0
"RT @WhenRapperSaid: When Joey Bada$$ said ""Traded in my Nikes for a new mic, I guess it's safe to say he sold his soles for a new life."" ht&#8230;",0
"RT @WorIdStarFunnyy: this the ""I play soccer, cheat on girls, and wear khaki coloured cargos"" haircut http://t.co/NQyLxquLOC",0
"RT @espn: Hot off the press, here&#8217;s Todd McShay&#8217;s first post-Combine NFL mock draft, including a new No. 1. http://t.co/su5ixWrthq",0
"RT @neverknownfacts: A person needs just three things to be truly happy in the world: someone to love, something to do, and something to ho&#8230;",0
RT @ryancruz_: Travis always on my TL being ghetto &#128514;&#128514;,0
RT @sorryimalex: &#8220;@lametears: i only rted alex ramos aka trash to gain followers&#8221; #vote5sos,0
These are insane and Cigars trash!? Foam done bumped his head RT @FoamWright: These are insane. Like so insane. http://t.co/5umpDoeORz,0
They come out Charlie Sheen... They come out coupe machine @wontgetme_22,0
This Charlie Murder game is pretty dope #Xbla,0
With birds ill share this lonely view,0
if ur girl watch Snapped in front of u she trying to spook u!!!,0
lmao I s2g having roots with yellow/white hair makes it look so dirty I'm &#128567; http://t.co/SqbYdUiZr8,0
"RT @BraveConWarrior: GRAPHIC ~&gt; 150 Christians MASSACRED By Jihadi Muslims While They Slept! Including Pastor, His Wife &amp; Kids http://t.co/&#8230;",0
"RT @JamesOKeefeIII: Denver TV airs clip of digging through trash in ""Ghetto Aurora"" to put Black and Mexican ballots to ""good use.&#8221; http://&#8230;",0
@Ehh_DontTouchMe @kourtj3000 @bria_leeandrea thats ghetto..,0
@Ncoleycole y u not on the monkey bars too lol,0
@RonanFarrow Yeah we know about Anglo-American principles.#slavery #hate #racism,0
Conan Obrien needs to get a life with that $80 million..monkey food maybe.,0
"HOT ISIS SOCIAL MEDIA PHOTO: Laughing Jihadis Get Baby To Kick Severed Head &#8211; ***warning, graphic*** http://t.co/P4MiSIV5A1 #tcot #pjnet",0
RT @ActuallyAmDolan: wen u look liek trash n sum1 complimentz u http://t.co/5AgYHBTFXh,0
RT @JuanNDaCut: When twitter rappers dm me their trash links http://t.co/yck16ZiNZZ,0
"RT @sorryimalex: ""now 5sos is starting to tweet the hashtag, they're trash!"" #vote5sos http://t.co/llkuz6VtAi",0
She sounded like a bird crowing,0
"""@sleepy_yongguk: ""I saw an ajumma walk out in the beginning saying, 'Wow, this is so trash that I can't even listen to it..'"" &#128514;"" lmaoo",0
"""How about we draft all those gung-ho folks and send them to Afghanistan or other war zones so they can show their... http://t.co/sR1zceHx",0
"#CommonQuestionIGet

Why uou so ghetto?",0
"&#8220;@TryHardSilva: Quote this with a weezy verse"" I'm a diamond in the rough like a baby in the trash",0
@ChrisTrondsen @IM5band #askim5 would you rather drink squirrel pee or Johnny Depp's wig in Charlie and the Chocolate Factory?,0
@TODDIE_soPLAYER well since you is blood you get a G pass but only this time and I won't tell wop about that lyric situation,0
Omer Asik so trash on the offensive side of the floor dude real life murky doo doo water,0
"RT @Revenant0202: Seriously, Florida. A vote for Charlie Christ is a vote for taxes and ebola.",0
RT @drizzyswerve96: @0kkaren it looks like he's wearing a trash bag,0
the train station Harry's at is trash I've been to the same Eurostar too they refunded my whole trip to Paris bc train accident,0
"""@oldpicsarchive: H.G.Wells and Charlie Chaplin http://t.co/sTiDDHK3WT"" #History #Photography",0
"10 RT @ParadoxicalMike 1.5 RT @iDavey On average, 2. But I can be an 8 when need be. ""@SinsOfMyFather_ On a scale of 1-10 how ghetto are u?""",0
@AdamSchein @TheMayorMatt I may have just cried a tad #illmissu shiner,0
"@kboydee like some of the ""worst"" lyrics they post are beautiful but just because they don't know what they're talking about, it's ""trash""",0
"Mark Teixeira finally stepping up, HR and couple of BBs #Yankees",0
Phil Hughes looking like the Phil Hughes of old. 2010. #Yankees #MLB,0
"RT @MetalHammer: Are you in London this evening? 
Well ex-Iron Maiden member, Tony Moor, will be busking outside Balham train station from &#8230;",0
"RT @SportsCenter: BREAKING: Japanese ace Masahiro Tanaka will sign with the Yankees for seven years, $155 million. (via Fox Sports)",0
RT @Wilnerness590: . @Jmart96 Because Outman is a brand-new #Yankees and because Girardi will never use 3 relievers when he can use 6.,0
RT @cwissi: beanies for life &#9697;&#776;&#8413; http://t.co/iywPwmPGTu,0
"http://t.co/wsIMDNbBJr now works on fancy telephones, so I am told. I have a clam phone that I call Mr. Clam that only ""texts"" and ""phones"".",0
"just saw the words ""tinker tailor soldier spy"" and muttered ""no"" aloud @jennyyhernandez @chellyhernandez",0
only my school wouldnt give kids their schedules... #ghetto,0
"@clinchmtn316 @sixonesixband AMERICA today, the rule of thumb is: when in doubt, blame ""whitey""",0
@karmendanielle_ let the coons be great it's in the dream,0
"AND #NorthKorea called #Barack a monkey. LOL! 
RT! 
*If the shoe fits! 'Cause it sure looks like he married one! 
http://t.co/F0pGDalfaA&#8221;",0
"Black guy in class: *attempts to throw a paper ball into the trash*
*misses* 
Mrs. Mundy: ""You're a disgrace to your race, Marcus""
&#128514;&#128514;&#128514;",0
Jihadi John has struck again. Prayers with the victims' families. What is the #bounty on His head? Time 4 him 2 meet allah,0
"RT @Rockprincess818: Go fight against the IDF if you progressive trash hate them so much, you don't have the guts to do it. 
#IStandWithIsr&#8230;",0
@2ANow She looks like a plastic monkey doll!,0
@YellabeautyKC home coon,0
@geokthree I literally just told @Black_SinS to his face how trash he is at the shop in hooping,0
"@mayarsharkawi Fake pics http://t.co/jtwUu9CYSr get off my TL, u r dismissed muzzie. @Darknight420 @JewJitsuGrl @Begbie_1 @efilnikcufecin7",0
I'm such a retard sometimes.,0
Man talk to em RT @StraightCash08: Of course nothing is wrong with applebee&#8217;s if you like trash food.,0
"Perhaps Ezra Miller is the first crack toward changing that, regardless of whether he identifies as queer over gay.",0
RT @pambesteder: **WOW* according to this tweet by @Tarascan68 Obama must have been an Uncle Tom? http://t.co/Klcsgy9JPW,0
Republicans aren't the only racist in America. We have racist Democrats too. But don't play the token negro card... http://t.co/FT5c4yhraG,0
#tbt my precious gook baby &#128525;&#128525;&#128525;&#128525;&#128525;&#128525; @outtapocketjuju http://t.co/2QJLJj6tK5,0
@Auroramwj @marylmcaffry @BBAnimals It's a mutation. Genealogy is convoluted. Basically the zebra gene currieries are slaughtered=Extinction,0
@Carxlito PS3 and case is still in the trash can. idgaf anymore,0
@MissRobinV that pic with the red bone in braids and that tiger in the back for sale?,0
@aurabogado el negro?,0
@edouglas528 That would be your Yankees Earl....we all know they should win all 162,0
@hxhsharingan666 did you make an animal cracker taco,0
@rachaelkbrown @BillyButlerKC @Oreo unexplainable!,0
I'm gonna be ghetto and color over the stain with a sharpie ctfu,0
"King, TI vs tip and that troubleman albums all trash.",0
"New show announced in Lutsen, MN at Papa Charlies on January 29, 2011 http://artistdata.com/a/33ck",0
RT @CuteForFall: I can't wait to wear warm fuzzy sweaters &#128525;&#9786;&#65039;&#127809;&#9749;&#65039; http://t.co/d3BlSbpryd,0
RT @JZolly23: Kickin trash cans on the golf cart #yeeyee @weidie1211 @mowder03 @JBilinovich @cmnw86,0
RT @TheFakeESPN: Red Hot Chili Peppers with the longest nip-slip in Super Bowl Half Time Show history.,0
"RT @sassytbh: a girl tweeted ""you might be ghetto if u bring food from outside into the movies""

no u might be stupid if u pay 4.99 for a b&#8230;",0
RT @walshnyc: Which World Cup Teams Are Jihadis Rooting For? http://t.co/ecU754zHKk @versharma @vocativ http://t.co/8z0B7ocMqP,0
These brownies are bomb!!!!!!!!! http://t.co/lKZLQQj7W1,0
What's a trash party ?,0
third party keyboards on iOS 8 trash,0
timbs straight trash though,0
who's downie like a brownie 4 brunch? Need mimosas,0
!!! RT @mayasolovely: As a woman you shouldn't complain about cleaning up your house. &amp; as a man you should always take the trash out...,0
"""@Addicted2Guys: -SimplyAddictedToGuys http://t.co/1jL4hi8ZMF"" woof woof hot scally lad",0
"""@ArizonasFinest6: Why the eggplant emoji doe?""y he say she looked like scream lmao",0
"""@DomWorldPeace: Baseball season for the win. #Yankees"" This is where the love started",0
"""@DunderbaIl: I'm an early bird and I'm a night owl, so I'm wise and have worms.""",0
"""@El_Grillo1: Pit Bulls Photographed As Lovely Fairy Tale Creatures http://t.co/Q0Sm89oOLh&#8221;

They *are* fairy tale creatures.",0
"""@FloKid88: As long as the Lakers trash from now on, I could careless. And that's real."". CC: @BENBALLER hahaha",0
"""@FunnyPicsDepot: this the ""I play soccer, cheat on girls, and wear khaki coloured cargos"" haircut http://t.co/ZUai7qWBIR"" &#128514; yup",0
"""@KnightfanNeal #UCFPINKPARTY come on stay alive knights nation!!!!"" This is still the early bird special. #ComeAtMeUT",0
"""@MLBNetwork: Stay tuned to @MLBNetwork for an update on the report that @Yankees 1B @teixeiramark25 will be out 8-10 weeks"" @dliming35 #bum",0
"""@M_Rad: &#8220;@DezDLT: ""I play soccer, cheat on girls, and wear khaki coloured cargos"" haircut http://t.co/tYCIhD6PkW&#8221; yes lmfao""@soccerboy_04",0
"""@Mesha_nojas: @_Vontethekidd &#128079;&#128079;&#128079;&#128079;&#128588;"" I got hicks lol",0
"""@UberFacts: 15 sad TV character deaths we're still bitter over... http://t.co/uLclFUF8nC http://t.co/1RXYQOOsM0""ned stark was the man",0
"""@WBUR: A smuggler explains how he helped fighters along the ""Jihadi Highway"": http://t.co/UX4anxeAwd""",0
"""@Yankees: Down 6-1, #Yankees look to rally in the bottom of the 9th."" #RALLYCAP",0
"""@ayyee_ceee_: One mans trash &#128686; is another mans treasure &#127942;""",0
"""@g0rillaz0e: Sitting on my window sill, window open, bird tries to fly in. Smacked it. #ProtectTheAnimals"" @peta",0
"""@greggutfeld: a video an entire media will likely mock. http://t.co/XFr1cRXWSm"" i am such a crybaby",0
"""@hxhassan: Jihadi patron Hajjaj al-Ajmi is arrested at Kuwait airport https://t.co/ZmloKfWDQl""",0
"""@iTrapWatermelon: tweety bird tho &#128514;&#128514;&#128514;&#128514;https://t.co/JbnoNM3N1P""",0
"""@jethromass: Photo: http://t.co/CxRs5BVhPw"" he is in sole heaven",0
"""@kazooook: We actin like it's the 7th day @WesGodLaFlare http://t.co/s9gMtEvpaT""
&#128123;spook",0
"""@metroadlib: colored contacts in your eyes?
blinders on mine.
cause i can't see you at all."" Lmao",0
"""@nohands_24: ""@20ToLife_: ""@nohands_24: ""@DejaaLeeann_: @B_Coleman2 swears I'm #1 man"" easily"" easily"" behind Austin"" nip?",0
"""@riananewman: @22EdHam brownies tonight"" what kind?!?!",0
"""@rugbysocklad: Fit lads! Nice gear! http://t.co/ThnXX1lC1M"" these scally lads n trainers would get it",0
"""@soxdawg: RAWR!! RT @skinrubberboi: ""My"" sexy French scally. I love him! #frenchscally http://t.co/5idQ3R5Akz"" sexy scally woof woof",0
"""@worldtraveIs: Baby albino &#128034; http://t.co/2tYTQJ3fec"" @Meeeesh1395",0
"""Brownies for my brownie"" I love this movie. &#128517;",0
"""Generate ASCII boxes with NodeJS"" all I see is the ability to bring flappy-bird in node via ASCII tubes and bird ^_^ http://t.co/lRJWDFhv7T",0
"""I am a thrill billy..with a hillbilly heart."" -@billyraycyrus. HAHAHAHAHA Jesus Murphy!",0
"""Just follow the yellow brick twitter.""",0
"""OVO"" &#8220;@Allthingsfresh3: &amp; kendrick lamar still trash&#8221;",0
"""The devil grows inside the hearts of the selfish and wicked
White, brown, yellow and black color is not restricted""",0
"""The water isn't yellow, I'm a healthy student""",0
"""They have to. That division is trash @NoMeek_JustMilz: Saints gon win the NFC South...watch""",0
"""This recipe calls for a leftover brownie. What the hell is a LEFTOVER brownie? That's just a brownie you haven't eaten yet.""-@EricaNadine26",0
"""Two roads diverged in a yellow wood, and I chose the one to J&#246;tunheimr""
- Robert Frost Giant",0
"""YAH"" has said in his word that the Mtzra'ym(egyptians) are his people and Ysrah'al is his inheritance and the Kushite(ethiopians).....",0
"""Yaoooooooo @yea_im_JAMAICAN: Mawnin yardies! &#128154;&#128155;&#128536;""",0
"""Your teeth are like the stars."" ""Aww thanks!"" ""Yeah... yellow and far away from each other.""",0
#2013Faves RT &#8220;@grahamorama: #Snoop and #Justin are having so much fun at this Charlie Wilson tribute #BETAwards https://t.co/C6NHwUBlXN&#8221;,0
#AskDems Aren't you embarrassed that Charlie Rangel remains in your caucus?,0
"#BlessJesus Amos 3:3 - Can two walk together, except they be agreed?",0
#BlessJesus Amos 5:10 There are those who hate the one who upholds justice in court and detest the one who tells the truth.,0
#BlessJesusLove Happy Belated ( Sixty-Fifth) 65 Birthday *28 Aunt Mary Agnes #Strong,0
"#DerekJeter as a lifelong #Yankees man, I will miss you. #FirstBallot
#Unanimous",0
#EarlyBird #early #morning #sunrise #dawn #bird #thebird #jerryreed @ Kansas City http://t.co/kuVq8UpwUw,0
#Ebola Great and I thought the panic from bird flu was bad. I really ain't got time for that.,0
#Ebola is a great metaphor for how #GOP #teaparty policies eat off of vital organs until the host dies. #Tcot #teabaggers,0
#ExplainAnAnimePlotBadly Boy with a monkey tail grows up to the the savior of a futuristic yet old earth,0
"#FemaleLogic is worse than the jig, I'm convinced",0
#FireCashman Why?? Because I am having to root for the Royals in October. #Yankees,0
#HappyColumbusDay .....hate to sound all #PETA callous and all........but #buffalo had it a LOT WORSE than the #injuns..........,0
#HellYeah RT @BaconGawd #No RT @HuffingtonPost Happy Fall! Pumpkin Spice Oreos are here http://t.co/2prvsKantE http://t.co/hleYm0YC29,0
"#HelloBrookland! We're here at the @MonroeStMarket opening! Serving free samples of cider, vegan sliders, brownies! http://t.co/BW9uYtLQu1",0
#IU 8 straight nation #college soccer champions! Wow! #hoosiernation #hoosiers &#9917;&#127942;,0
"#IU should make me an honorary student, id be way cooler than the other international students. i have my own football card! #hoosiers",0
"#NP ""Centuries"" ~FOB",0
#Natitude? Okay. I'm only going to say it once. COMB yer BEARDS. #lol #wiggers,0
#NowPlaying : Great White - Once Bitten Twice Shy on #1069TheArrow - http://t.co/R5wuXA9jB6,0
#NowPlaying : The Doors - The WASP (Texas Radio and the Big Beat) on #1069TheArrow - http://t.co/R5wuXA9jB6,0
#PDPLive is on November 10th. Get your early bird tickets from http://t.co/7xcL4Kyiuv @LifeOfShan http://t.co/ZcnP1ljoOW,0
#PacerNation 4/4 on the road! Perfect way to continue after #iubb have finished #NBA #Pacers #indiana #hoosiers,0
"#RedSox, focus on the #Orioles that knocked you out last year, and not your hatred of the #Yankees for um-teen years! LOL!",0
#Royals 2-1!! Fantastic. Ready for tomorrow's sweep of the disposed O's. #Yankees 4ever except this month.,0
#RuinAComedian @midnight Charlie Lapdance,0
#StopWhitePeople RT @ABC7: 9 cases of West Nile virus infections reported in Orange County this year; 105 dead birds found carrying virus,0
#TBT love you forever ling ling &#128115;&#128114;&#128152; @brittneycordova http://t.co/KEcfNjyrwE,0
#TRUTH RT @notashley: David is the Charlie Brown of #Scandal,0
#WhatImCraving Peanut Butter Oreos &lt;3,0
#WorldSeriesGame3 Hunter Pence is so annoying he should be a Red Sox player. Shave fool and take your Vyvanse&#9918;&#65039;&#9918;&#65039;&#128074;&#128074;#Yankees 2015!!,0
#Yankees,0
#Yankees #FireCashman I don't want Arod back.,0
#Yankees #Jeter Let him play the entire inning. That's fitting.,0
#Yankees #SEC Robertson in. Guy is fantastic. SEC pitcher!!,0
"#Yankees 3, #Astros 0: McCarthy outduels Keuchel in series finale http://t.co/hIJJAUKtJN",0
#Yankees 6-0. Nine straight hits. Price... Not your night.,0
#Yankees Damn. Well Joe that move to the bullpen really helped.,0
#Yankees I ain't complaining about the Royals win or lose game7. They showed heart. AL ride or die! No flex zone. They earned it!,0
#Yankees I went to Golds with Cruz in 2010 when he was a Sound. No upper /lower body strength.. Hmm now 40 HR hitter. Won't say the S word.,0
#Yankees If Royals have a fire sale. I want the whole team!! Leave Gardner and Tanaka. The rest can please go. Along with Joe and Cash.,0
#Yankees Nice bounce back @Michael Kay. Gotta keep this going!,0
#Yankees Pineda needed that 6'7. Great play!,0
"#Yankees Primo! Just got home and the Tanks are on MLB. Finally! And they are winning! Even better. Time to get serious, Sept call up time",0
#Yankees got beaten by a thug,0
"#Yankees take all three games in MoTown, I'm callin' it!!! #MLB",0
#Yankees wasted Nu&#241;ez's season #rays #mlb,0
#drunk #trash #trashed #wasted @ The Draught Horse http://t.co/UvWkhpEswh,0
#gouache #inktober #oldpainting #mt #tiki #wahine #surf #monkey #bright #happysunday #peace wishing&#8230; http://t.co/l73hiK0IZ8,0
"#hoosier fans, is cody zeller nominating for this years #NBA draft? #iubb",0
#inners Still hanging in. #Yankees we need this win. NFL. It's not SUNDAY!!,0
#iubb #1 suiting up again tonight! #Indiana #IU #ncaa #hoosierdaddy #HoosierNation #hoosiers,0
#mt #commission #gouache #tiki #wahine #monkey #tubed #surfing #wavesliding #waterwalker #notkook http://t.co/vii3SmGRm3,0
#mt #goauche #monkey #oldpainting #vinyl #jazz #lounge http://t.co/hueH4HCxx7,0
#mt browngal #gouache #monkey #tiki http://t.co/kFhj8lWhbs,0
#np Shy Glizzy - Awwsome (Remix) (Feat. 2 Chainz &amp; A$AP Rocky) via @Spinrilla. http://t.co/OWxtdRKWbC,0
#philhughes @Yankees #nyy better then UR whole team,0
#portlandia #putabirdonit RT @mightymouse105: The Xbox One would be so much cooler if they put a bird on it,0
"#rejectedpeanutsspecials Its The Grape Crackhead, Charlie Brown!",0
#tbt when i took my likkle monkey jimmys http://t.co/LIK3xpZ6eZ,0
#tikiti - rough mock for the base of what will eventually be an ashtray @ Tiki Ti http://t.co/8zE8aqY0,0
"&#127813;&#127813;&#127813; RT @GottliebShow: ""Killer line?"" @SBNationNBA: Josh Smith dropped a killer trash talk line on Kenneth http://t.co/C8d3sJoUpj&#8221;",0
&#127867;&#127867;&#127867;&#127804;&#128153;&#127913; plus Sheryl crow http://t.co/49KYwZnotU,0
&#128027;=&#128176;&#128184; &#8220;@GOALSminded: its true that the early bird.. gets the worm first!&#8221;,0
&#128514;&#128514; maaaaannnn i hope so! RT @ABrown252: @VonshayeB did we get rid of John Legend looking Charlie Batch?,0
&#128514;&#128514; mike calls me t-bird @mikemastroccco,0
"&#128525;&#128525;&#128525;

&#8220;@whatskillfeed: i guess ill just trash this drawing because of roster changes...&#128532; http://t.co/2r8wqgE8cR&#8221;",0
&#128530; my nerves are being worked cos of my monkey &#128529;&#128545;,0
&#128553; monkey mad,0
&#193;lbum de fotos: csitaly: [TS3]Fairy Tail - Satan Soul Mirajane Strauss made with The Sims 3. Happy... http://t.co/b4i8EiMux2,0
&#8216;Chillin&#8217; With My Homie Or What&#8217;s Left Of Him&#8217;: British Rapper Turned ISIS Jihadi Poses With Severed Head http://t.co/L9vMdNOXPg #tcot,0
&#8220;@ATrue_Cowboy: Truth about any distance for all you love birds out there! http://t.co/1Kqnw4LJ&#8221;,0
"&#8220;@A_Brown_30: Frogger, best game ever&#8221; only cuz You suck at flappy bird",0
&#8220;@AbstractLife: @NigelDixon1 @SeanTHarrington Orton is trash idc&#8221; he ain't been playing. Trashlex Smith only sat out Kaep took his spot.,0
&#8220;@AdderallHadMe: Adderall had me killing two birds with one stone http://t.co/wMiNpN64m2&#8221;&#128128;,0
&#8220;@Amburger_6: Wtf is flappy bird&#8221; are you kidding me,0
&#8220;@AntiGlib: RT @nateyfu123: #Yankees Michael Pineda in his next start.. http://t.co/Zb1zWN0jet&#8221; @954Nole,0
&#8220;@Ashton5SOS: An itsy bitsy teeny weeny yellow pock-a-dot bikini&#8221; Polk Ashton. Polk,0
&#8220;@AustinMahone: just got a new fish it's albino and I named him shaquita #yee&#8221; bahaha,0
&#8220;@BeautyOfASinner: So they really deleted flappy bird from the App Store cus someone killed themselves over it &#128514;&#8221; foreal foreal ?? &#128561;&#128557;,0
&#8220;@BestOfAds: Rape? Cannibalism? You Won't Recognize The Original Versions Of These Fairy Tales http://t.co/PrnJ8EFAoi&#8221; man wtf,0
&#8220;@BobbyBudnic Oxtails and yellow rice is blasphemy&#8221; boneless,0
&#8220;@CaptainYankee2: Two of the best Yankees Derek Jeter and Joe Torre #JoeTorreDay http://t.co/XMyxfDBKOX&#8221; @jordan_luree,0
&#8220;@CommonManKFAN: And that's why mock drafts are a joke my friends.....&#8221;Anyone???,0
&#8220;@DIYcookery: Oreo cookies&#128523; http://t.co/8zcjWW56Zz&#8221;bruh &#128525;&#128539;&#128553;,0
&#8220;@Deuce1990: What will the Lakers be after kobe&#8221; trash,0
"&#8220;@El_Grillo1: Islamic State suspects in Indonesia are Chinese Uighurs http://t.co/58IDicaHzT&#8221;
Uighur Jihadis: they're not just a PRC tool.",0
&#8220;@GianneNichole: Lakers really trash.&#8221;&#128686;,0
&#8220;@HeyKeifer: Golden Oreos &#128016; regular Oreos &#128686;&#8221; YES!!!,0
&#8220;@HeyKeifer: Oreos are basically dirt circles with cream.&#8221; True.,0
&#8220;@HumbleTeej: @elisabethepps where am I on this rating scale???&#8221; Depends. You still wearing them colored contacts or naw?,0
&#8220;@Iifetip: Kit Kat brownies. http://t.co/40W2a8qlBy&#8221; making.,0
&#8220;@ImToBlame: Bruh RT @PriscoCBS: Trent took the yellow path http://t.co/1XxGuKtjp8&#8221;&#128514;&#128514;&#128514;&#128514;,0
&#8220;@JohnelHadleyJr: Uncle Charlie just got thru lip singing?!&#8221;haha,0
&#8220;@JuanNdaCut: When twitter rappers dm me their trash links http://t.co/o5Orzo1O19&#8221;,0
"&#8220;@JuniorMaye8: A lot of them are though. Attitudes be pure trash&#8221;

#TeamWhiteGirls 
#SwirlTheWorld",0
"&#8220;@King_SM If Howard elbow bosh, will bosh fight back?&#8221; don't have to got mcbob bird and UD",0
&#8220;@LastWordEvan: An inning and a half away from Alex Rodriguez being eligible to play. Just a thought. #Yankees #MLB&#8221; OMG. Feel an ulcer.,0
&#8220;@MannyBDlopez: When you open your starburst candy and get 2 yellows http://t.co/F0dDbfEzB6&#8221; lmao bruh,0
&#8220;@MomMeMustHaves: MMMH Daily is out! http://t.co/bPtRtXcel0 Stories via @KristinCruz&#8221; @ExMoShow #yellow is IN! &amp; @romyraves luv the bling!,0
"&#8220;@PrayForJack I survived swine flu, bird flu, west nile and the Bloomberg administration. I'll be fine&#8221;the abortion survival. Cant 4get that",0
&#8220;@Queendev_: My leave out is trash &#128552;&#8221;&#128557;&#128557;&#128557; u sick,0
&#8220;@RudeNation21: When girls take my snap backs and beanies lol&#128169; that's 35 dollars a hat and 40 for the AX beanieS &#128530;&#8221;I don't let them take it,0
&#8220;@SarabiaErik: I just accidentally ate a pot brownie. I guess there goes my pledge of being drug free for life . lolz .&#8221; Lmao #College,0
&#8220;@SexualMedic: How I feel when I'm throwing trash away... http://t.co/qQ94N1rD5N&#8221; everyday in school.,0
&#8220;@ShesSoBlessed_: Oreos And Milk &#128523;&#8221;,0
"&#8220;@TWOLVEGIRL: I find myself wanting to google ""the yellow king"" #TrueDetective&#8221; No kidding! What is going on?",0
&#8220;@TheSportsDiva23: Adam Jones homers Yankees now lead 5-3.&#8221;Guy is a monsta,0
"&#8220;@UTRagers: COLT MCCOY WINS&#8252;&#65039;
#HookEm&#128002;&#8221; he's still trash",0
"&#8220;@WORSTRAPLYRlCS: http://t.co/hE19TIfqFX&#8221;

How is this trash...",0
&#8220;@WillyC14_: &#8220;@urbie_6: #SingleBecause ill find a cute hoosier to date next year &#128527;&#8221; @Tgold32&#8221; @connorbradley,0
"&#8220;@Yankees: #Yankees and Red Sox are scoreless as we play in the 2nd inning.&#8221;
THE BAMBINO IS WATCHING!",0
"&#8220;@Yankees: Alfredo Aceves in to relieve @CC_Sabathia here in the 4th. #Yankees&#8221; he needs to go away , gas can !",0
&#8220;@Yattabing Cavs trash.. Heat trash.. Smh&#8221;pat gotta make trades,0
&#8220;@Yummy: Oreo ice cream cake &#128588; http://t.co/dvabPmgQjo&#8221; &#128525;,0
&#8220;@_LoveCarolina_: My Lakers are going to be so trash this season I can't wait &#128588;&#128079;&#128530;&#8221; :(,0
&#8220;@anallanusa32: 83 you're really cool you're good at basketball. And your a zebra &#127936;&#128060;&#8221; is this @WillBall4Life?,0
&#8220;@butter_obama: I hate when I attempt to make the yellow light but the car infront of me stops at the light &#128545;&#128545;&#128545;&#8221;&#8252;&#65039; I be wanting to fight&#128514;,0
&#8220;@coltscommunity @Pacers @nflcolts @indystar #CHUCKSTRONG #GoldSwagger http://t.co/6q5wm3VU&#8221; thats awesome &#127936;+&#127944;=&#128077;&#128076;&#9757; #hoosiers,0
&#8220;@ghostriderJ1: Yankees will never have someone wear a single digit uniform again after this season&#8221; Wow. Shows that is an epic organization,0
&#8220;@hoppk92: @WCCORosen Sick of all the trash talk and cocky attitudes. #shutupandplay&#8221; Refs have to take control when needed,0
&#8220;@iCARLEYBBY: &#8220;@DJZeeti: twitpic a selfie with light colored eyes&#8221; http://t.co/BSOYlL83Iz&#8221;&#128525;,0
&#8220;@iSignMyOwnBoobs thats my fav part on Take Care&#8221;whole album trash,0
"&#8220;@iamkrause: All I see in every #IfTheyGunnedMeDown tweet... http://t.co/XWmkac1Aw6&#8221;
Dis be like da colored Brady Bunch",0
&#8220;@jerseyzbest74: eagles fans dont except the fact that mcoy been trash this year and that everybody figured out that spread offense&#8221; #StopIt,0
"&#8220;@lakeshow73: @WCCORosen Too bad the optimism I have for the Royals, you don't have for the Twins!! Take those ""Rose(ie) colored glasses off",0
&#8220;@nypost: If you used the ObamaCare website you should definitely change your password http://t.co/VEd4Yyztok&#8221; hahahahahah that's sad #boon,0
&#8220;@sorryimalex: I'm only back cause I don't wanna see the boys lose to trash #vote5sos&#8221;,0
&#8220;@sportspickle: The fruit of the modern Yankees farm system. http://t.co/LfWC3LSRjO&#8221; Joba the Nut.,0
&#8220;@theellemac: Essence Fest anyone?&#8221; I'll be there on the main stage 2 stepping with Uncle Charlie,0
&#8220;@trayn1gga: Charlie Strong WILL have Texas back as a power&#8221; better power of big 12 is anybody's now,0
&#8220;@wassssupsarah: Car hopping is a different world these ghetto guys tried asking for my number LOL&#8221; did they have to be ghetto Tho ?,0
"&#8220;@wizkhalifa: On the east coast there's colored hair everywhere. 

This must be the sweetest wave ever.&#8221; @LayaFace",0
&#8220;@wwwobert_: B Oreo a stunt&#8221;come thru &#128293;&#128293;&#128293;,0
&#8220;@yungtfti: I feel sorry for anyone who paid for LIC because edc is trash music&#8221;,0
"&#8220;There is a time &amp; a place 4 decaf coffee. Never &amp; in the trash."" http://t.co/ZVJROXgNDQ&#8221; #MommyMonday humor via @JenerationPR &amp; @theskimm",0
&lt;&lt;&lt;when it's yellow outside,0
&lt;-- nudes are trash,0
'2' good: Jeter hero for Yankees in send-off http://t.co/oStFoBGuFa via @ESPNNewYork,0
"'Forget to salute,' trash the other guy for the 'bad war' (during Cairo II), sympathize w/ 'Pockistan,' gays hurting morale. Thanks King!",0
"'Scandal' sex scene airs on ABC right after 'It's the Great Pumpkin, Charlie Brown,' making parents angry http://t.co/vltSpK8U4S",0
(U-turns on yellow) &#161;NO ACEPTAR ESTE LUZ ROJO! (&#9835; Lights taking too long make me bilingual &#9835;),0
(con't) Also provide colored stickers to place on the nametags so that members can indicate their preferred pronouns.,0
(via @jacklayton) Charlie Angus is sending &#8220;Made in China&#8221; Canadian flag pins back to Conservatives &#8211; http://tinyurl.com/dmt397,0
*Searches my yellow pages app for the nearest Jack In The Box*,0
*rubs hands like bird man,0
"*squak squak squak squak*
Me: bird shut up!!!
*squak*
Alex: that was an act of defiance 
@Alextalksback",0
*waits for Fanduel to hit me with the jig*,0
".@AlyssSmithh @KeveeeD Yes indeed! Camels, ostriches and zebras! Sept. 5-7 http://t.co/X3Oapfm3e8 #VCCamelRaces",0
.@AussieGrit loves Austin: http://t.co/HTtbU4OmZy Webber such a boon for @FIAWEC. #6HCOTA,0
.@CoryBooker is running around town delivering food to people. If he takes out the trash too he is the perfect boyfriend.,0
".@HoppyKercheval Could you just play 2 minutes of the Charlie Brown ""wah wah wah"" adult sound effect instead?",0
.@RashaanSalaami doesn&#8217;t it always feel like we go into the season with offensive concepts that we inevitably trash and then we get good?,0
".@Straatvogels [street birds]: Homeless People Twittering in Amsterdam http://t.co/WruoCdVkJt via @HuffPostImpact
&#8853;http://t.co/DJgs6rGdfV",0
.@agie_sweet36 @VedanteBreh12 @TravelNevada Try visiting @thewashoeclub at night for a real spook!,0
".@dawnbazely Thank you, Dawn. I see our state bird graces your avatar...",0
.@harmonica_b could be wearing a trash bag and she'd still be the stylish and coolest human I know,0
.@nathirhussein Al Qaeda's market share is dropping faster than Viacom &amp; Enron in the Jihadi stock market,0
"1) RT @naeluckyass: @ILoveBigTracy @Therealalonig no I'm not crossed eyed, I'm albino. Can't control that",0
1996 and 1999 World Series Rematch: #Yankees #Braves,0
1X - The yellow tower by Gilbert Claes http://t.co/qc5IF6G4fG,0
2 #iubb games when im in #bloomington #btown how good is that?! #ncaa #basketball #college #Indiana #iu #hoosiers,0
2 adult human skulls found in trash http://t.co/VcsNP9ejV9,0
22 talented drivers RT @garrisonstudio: I am really glad there haven't been any yellows. But why haven't there been any yellows??,0
"4&#8419;2&#8419;0&#8419;

moke up",0
"5 bags of chips, 3 Rice Krispies, 3 seeds, 3 gummies, a pop tart, some crackers, 3 powerades, and a water yuhhh I'm good lol",0
5:40 A.M. and still awake! YAY!!! Time to chug coffee and red bull for the foreseeable future and hopefully not pass out behind the wheel!!!,0
5SOS is trash,0
"5am: Whizzing crackers! My cats got into the @Ritzcrackers &amp; are now playing 'hockey' with them. Lol.
#crazycats http://t.co/A5ZBVDXapx",0
85 species of birds reported in Chesterfield for the Great Backyard Bird Count. How many in your area? http://t.co/DTLlzlXmPF,0
